{"cameraMode":{"drawMode":0,"name":"Shaded","section":"Shading Mode"},"sceneLighting":false,"audioPlay":false,"sceneViewState":{"m_AlwaysRefresh":false,"showFog":true,"showSkybox":false,"showFlares":true,"showImageEffects":true,"showParticleSystems":true,"showVisualEffectGraphs":true,"m_FxEnabled":true},"in2DMode":false,"pivot":{"x":7.510000228881836,"y":1.3787397146224976,"z":1.1920928955078126e-7},"rotation":{"x":-0.004078626167029142,"y":-0.23041251301765443,"z":-0.0009624146041460335,"w":0.9730791449546814},"size":3.3368101119995119,"orthographic":false}